{"count":1,"self":2250.6651647999997,"total":5749.72314,"children":{"AgentSendState":{"count":2083517,"self":124.3506432,"total":271.32385899999997,"children":{"CollectObservations":{"count":5000448,"self":41.7470144,"total":41.747015999999995,"children":null},"CollectDiscreteActionMasks":{"count":5000448,"self":14.3796784,"total":14.379679,"children":null},"AgentInfo.ToProto":{"count":5000448,"self":42.0520832,"total":90.846516999999992,"children":{"GenerateSensorData":{"count":5000448,"self":48.794435199999995,"total":48.794433999999995,"children":null}}}}},"DecideAction":{"count":2083517,"self":3088.884736,"total":3088.884761,"children":null},"AgentAct":{"count":2083517,"self":131.12721919999998,"total":131.14489899999998,"children":{"AgentInfo.ToProto":{"count":616,"self":0.007469,"total":0.017681,"children":{"GenerateSensorData":{"count":616,"self":0.010211999999999999,"total":0.010211999999999999,"children":null}}}}},"AgentInfo.ToProto":{"count":284699,"self":3.681904,"total":7.701547,"children":{"GenerateSensorData":{"count":284699,"self":4.0196432,"total":4.0196429999999994,"children":null}}}},"gauges":{"Robotarm.CumulativeReward":{"count":285315,"max":343.130341,"min":-2513.92017,"runningAverage":5.87319851,"value":30.90761,"weightedAverage":22.62447}},"metadata":{"timer_format_version":"0.1.0","start_time_seconds":"1596951873","unity_version":"2019.3.12f1","command_line_arguments":"\/Applications\/Unity\/Hub\/Editor\/2019.3.12f1\/Unity.app\/Contents\/MacOS\/Unity -projectpath \/Users\/rajukandaswamy\/ARVR\/RobotArmMLAgent -useHub -hubIPC -cloudEnvironment production -hubSessionId 3205a810-da03-11ea-8e99-25515904287c -accessToken I0ZeDgYHnZwJ-9nuFN_28GUZAOFL1u3xZLop5XIBufo00cf","communication_protocol_version":"1.0.0","com.unity.ml-agents_version":"1.0.3","scene_name":"RobotArmMLAgent","end_time_seconds":"1596957623"}}